/*M!999999\- enable the sandbox mode */ 
-- MariaDB dump 10.19  Distrib 10.11.13-MariaDB, for debian-linux-gnu (x86_64)
--
-- Host: 127.0.0.1    Database: AEROPORTO
-- ------------------------------------------------------
-- Server version	10.4.7-MariaDB-1:10.4.7+maria~bionic

/*!40101 SET @OLD_CHARACTER_SET_CLIENT=@@CHARACTER_SET_CLIENT */;
/*!40101 SET @OLD_CHARACTER_SET_RESULTS=@@CHARACTER_SET_RESULTS */;
/*!40101 SET @OLD_COLLATION_CONNECTION=@@COLLATION_CONNECTION */;
/*!40101 SET NAMES utf8mb4 */;
/*!40103 SET @OLD_TIME_ZONE=@@TIME_ZONE */;
/*!40103 SET TIME_ZONE='+00:00' */;
/*!40014 SET @OLD_UNIQUE_CHECKS=@@UNIQUE_CHECKS, UNIQUE_CHECKS=0 */;
/*!40014 SET @OLD_FOREIGN_KEY_CHECKS=@@FOREIGN_KEY_CHECKS, FOREIGN_KEY_CHECKS=0 */;
/*!40101 SET @OLD_SQL_MODE=@@SQL_MODE, SQL_MODE='NO_AUTO_VALUE_ON_ZERO' */;
/*!40111 SET @OLD_SQL_NOTES=@@SQL_NOTES, SQL_NOTES=0 */;

--
-- Table structure for table `AEROPORTO`
--

DROP TABLE IF EXISTS `AEROPORTO`;
/*!40101 SET @saved_cs_client     = @@character_set_client */;
/*!40101 SET character_set_client = utf8mb4 */;
CREATE TABLE `AEROPORTO` (
  `CODIGO_AEROPORTO` int(11) NOT NULL AUTO_INCREMENT,
  `NOME_AEROPORTO` varchar(50) DEFAULT NULL,
  `CIDADE` varchar(50) DEFAULT NULL,
  `ESTADO` varchar(2) DEFAULT NULL,
  PRIMARY KEY (`CODIGO_AEROPORTO`)
) ENGINE=InnoDB AUTO_INCREMENT=6 DEFAULT CHARSET=latin1;
/*!40101 SET character_set_client = @saved_cs_client */;

--
-- Dumping data for table `AEROPORTO`
--

LOCK TABLES `AEROPORTO` WRITE;
/*!40000 ALTER TABLE `AEROPORTO` DISABLE KEYS */;
INSERT INTO `AEROPORTO` VALUES
(1,'Aeroporto de Congonhas','São Paulo','SP'),
(2,'Aeroporto de Guarulhos','Guarulhos','SP'),
(3,'Aeroporto Santos Dumont','Rio de Janeiro','RJ'),
(4,'Aeroporto de Campo Grande','Campo Grande','MS'),
(5,'Aeroporto de Brasília','Brasília','DF');
/*!40000 ALTER TABLE `AEROPORTO` ENABLE KEYS */;
UNLOCK TABLES;

--
-- Table structure for table `AVIAO`
--

DROP TABLE IF EXISTS `AVIAO`;
/*!40101 SET @saved_cs_client     = @@character_set_client */;
/*!40101 SET character_set_client = utf8mb4 */;
CREATE TABLE `AVIAO` (
  `PREFIXO` varchar(20) NOT NULL,
  `NUMERO_TOTAL_ASSENTOS` int(11) DEFAULT NULL,
  `NOME_TIPO` varchar(20) DEFAULT NULL,
  PRIMARY KEY (`PREFIXO`),
  KEY `NOME_TIPO` (`NOME_TIPO`),
  CONSTRAINT `AVIAO_ibfk_1` FOREIGN KEY (`NOME_TIPO`) REFERENCES `TIPO_AVIAO` (`NOME_TIPO`) ON DELETE CASCADE ON UPDATE CASCADE
) ENGINE=InnoDB DEFAULT CHARSET=latin1;
/*!40101 SET character_set_client = @saved_cs_client */;

--
-- Dumping data for table `AVIAO`
--

LOCK TABLES `AVIAO` WRITE;
/*!40000 ALTER TABLE `AVIAO` DISABLE KEYS */;
INSERT INTO `AVIAO` VALUES
('PP-VOE',70,'ATR 72'),
('PR-AZU',124,'Embraer E195'),
('PR-GOL',180,'Boeing 737'),
('PR-LAT',170,'Airbus A320'),
('PT-TAM',300,'Boeing 777');
/*!40000 ALTER TABLE `AVIAO` ENABLE KEYS */;
UNLOCK TABLES;

--
-- Table structure for table `DIAS_SEMANAS_VOO`
--

DROP TABLE IF EXISTS `DIAS_SEMANAS_VOO`;
/*!40101 SET @saved_cs_client     = @@character_set_client */;
/*!40101 SET character_set_client = utf8mb4 */;
CREATE TABLE `DIAS_SEMANAS_VOO` (
  `DIA_SEMANA` int(11) NOT NULL,
  `NUMERO_VOO` int(11) NOT NULL,
  PRIMARY KEY (`DIA_SEMANA`,`NUMERO_VOO`),
  KEY `NUMERO_VOO` (`NUMERO_VOO`),
  CONSTRAINT `DIAS_SEMANAS_VOO_ibfk_1` FOREIGN KEY (`NUMERO_VOO`) REFERENCES `VOO` (`NUMERO_VOO`) ON DELETE CASCADE ON UPDATE CASCADE
) ENGINE=InnoDB DEFAULT CHARSET=latin1;
/*!40101 SET character_set_client = @saved_cs_client */;

--
-- Dumping data for table `DIAS_SEMANAS_VOO`
--

LOCK TABLES `DIAS_SEMANAS_VOO` WRITE;
/*!40000 ALTER TABLE `DIAS_SEMANAS_VOO` DISABLE KEYS */;
INSERT INTO `DIAS_SEMANAS_VOO` VALUES
(1,1),
(1,5),
(2,2),
(3,1),
(5,3);
/*!40000 ALTER TABLE `DIAS_SEMANAS_VOO` ENABLE KEYS */;
UNLOCK TABLES;

--
-- Table structure for table `INSTANCIA_DE_SEGMENTO`
--

DROP TABLE IF EXISTS `INSTANCIA_DE_SEGMENTO`;
/*!40101 SET @saved_cs_client     = @@character_set_client */;
/*!40101 SET character_set_client = utf8mb4 */;
CREATE TABLE `INSTANCIA_DE_SEGMENTO` (
  `NUMERO_VOO` int(11) NOT NULL,
  `NUMERO_SEGMENTO` int(11) NOT NULL,
  `DATA_INSTANCIA` date NOT NULL,
  `HORARIO_PARTIDA_AEROPORTO` time NOT NULL,
  `HORARIO_CHEGADA_AEROPORTO` time NOT NULL,
  `NUMERO_ASSENTOS_DISPONIVEIS` int(11) DEFAULT NULL,
  PRIMARY KEY (`NUMERO_VOO`,`NUMERO_SEGMENTO`,`DATA_INSTANCIA`,`HORARIO_PARTIDA_AEROPORTO`),
  CONSTRAINT `INSTANCIA_DE_SEGMENTO_ibfk_1` FOREIGN KEY (`NUMERO_VOO`, `NUMERO_SEGMENTO`) REFERENCES `SEGMENTO_VOO` (`NUMERO_VOO`, `NUMERO_SEGMENTO`) ON DELETE CASCADE ON UPDATE CASCADE
) ENGINE=InnoDB DEFAULT CHARSET=latin1;
/*!40101 SET character_set_client = @saved_cs_client */;

--
-- Dumping data for table `INSTANCIA_DE_SEGMENTO`
--

LOCK TABLES `INSTANCIA_DE_SEGMENTO` WRITE;
/*!40000 ALTER TABLE `INSTANCIA_DE_SEGMENTO` DISABLE KEYS */;
INSERT INTO `INSTANCIA_DE_SEGMENTO` VALUES
(1,1,'2025-11-03','08:05:00','09:10:00',50),
(1,2,'2025-11-03','09:35:00','11:05:00',30),
(2,1,'2025-11-04','10:00:00','12:15:00',100),
(3,1,'2025-11-07','14:10:00','15:40:00',20),
(5,1,'2025-11-10','07:00:00','08:00:00',150);
/*!40000 ALTER TABLE `INSTANCIA_DE_SEGMENTO` ENABLE KEYS */;
UNLOCK TABLES;

--
-- Table structure for table `POUSA`
--

DROP TABLE IF EXISTS `POUSA`;
/*!40101 SET @saved_cs_client     = @@character_set_client */;
/*!40101 SET character_set_client = utf8mb4 */;
CREATE TABLE `POUSA` (
  `CODIGO_AEROPORTO` int(11) NOT NULL,
  `NOME_TIPO` varchar(20) NOT NULL,
  PRIMARY KEY (`CODIGO_AEROPORTO`,`NOME_TIPO`),
  KEY `NOME_TIPO` (`NOME_TIPO`),
  CONSTRAINT `POUSA_ibfk_1` FOREIGN KEY (`CODIGO_AEROPORTO`) REFERENCES `AEROPORTO` (`CODIGO_AEROPORTO`) ON DELETE CASCADE ON UPDATE CASCADE,
  CONSTRAINT `POUSA_ibfk_2` FOREIGN KEY (`NOME_TIPO`) REFERENCES `TIPO_AVIAO` (`NOME_TIPO`) ON DELETE CASCADE ON UPDATE CASCADE
) ENGINE=InnoDB DEFAULT CHARSET=latin1;
/*!40101 SET character_set_client = @saved_cs_client */;

--
-- Dumping data for table `POUSA`
--

LOCK TABLES `POUSA` WRITE;
/*!40000 ALTER TABLE `POUSA` DISABLE KEYS */;
INSERT INTO `POUSA` VALUES
(1,'Airbus A320'),
(1,'Boeing 737'),
(2,'Boeing 777'),
(3,'Embraer E195'),
(4,'ATR 72');
/*!40000 ALTER TABLE `POUSA` ENABLE KEYS */;
UNLOCK TABLES;

--
-- Table structure for table `SEGMENTO_VOO`
--

DROP TABLE IF EXISTS `SEGMENTO_VOO`;
/*!40101 SET @saved_cs_client     = @@character_set_client */;
/*!40101 SET character_set_client = utf8mb4 */;
CREATE TABLE `SEGMENTO_VOO` (
  `NUMERO_SEGMENTO` int(11) NOT NULL,
  `NUMERO_VOO` int(11) NOT NULL,
  `CODIGO_AEROPORTO_PARTIDA` int(11) DEFAULT NULL,
  `CODIGO_AEROPORTO_CHEGADA` int(11) DEFAULT NULL,
  `HORARIO_PREVISTO_PARTIDA` time NOT NULL,
  `HORARIO_PREVISTO_CHEGADA` time NOT NULL,
  `PREFIXO` varchar(20) DEFAULT NULL,
  PRIMARY KEY (`NUMERO_VOO`,`NUMERO_SEGMENTO`),
  KEY `CODIGO_AEROPORTO_PARTIDA` (`CODIGO_AEROPORTO_PARTIDA`),
  KEY `CODIGO_AEROPORTO_CHEGADA` (`CODIGO_AEROPORTO_CHEGADA`),
  KEY `PREFIXO` (`PREFIXO`),
  CONSTRAINT `SEGMENTO_VOO_ibfk_1` FOREIGN KEY (`NUMERO_VOO`) REFERENCES `VOO` (`NUMERO_VOO`) ON DELETE CASCADE ON UPDATE CASCADE,
  CONSTRAINT `SEGMENTO_VOO_ibfk_2` FOREIGN KEY (`CODIGO_AEROPORTO_PARTIDA`) REFERENCES `AEROPORTO` (`CODIGO_AEROPORTO`) ON DELETE CASCADE ON UPDATE CASCADE,
  CONSTRAINT `SEGMENTO_VOO_ibfk_3` FOREIGN KEY (`CODIGO_AEROPORTO_CHEGADA`) REFERENCES `AEROPORTO` (`CODIGO_AEROPORTO`) ON DELETE CASCADE ON UPDATE CASCADE,
  CONSTRAINT `SEGMENTO_VOO_ibfk_4` FOREIGN KEY (`PREFIXO`) REFERENCES `AVIAO` (`PREFIXO`) ON DELETE CASCADE ON UPDATE CASCADE
) ENGINE=InnoDB DEFAULT CHARSET=latin1;
/*!40101 SET character_set_client = @saved_cs_client */;

--
-- Dumping data for table `SEGMENTO_VOO`
--

LOCK TABLES `SEGMENTO_VOO` WRITE;
/*!40000 ALTER TABLE `SEGMENTO_VOO` DISABLE KEYS */;
INSERT INTO `SEGMENTO_VOO` VALUES
(1,1,1,3,'08:00:00','09:00:00','PR-GOL'),
(2,1,3,4,'09:30:00','11:00:00','PR-GOL'),
(1,2,2,5,'10:00:00','12:00:00','PR-LAT'),
(1,3,1,4,'14:00:00','15:30:00','PR-AZU'),
(1,5,2,3,'07:00:00','08:00:00','PT-TAM');
/*!40000 ALTER TABLE `SEGMENTO_VOO` ENABLE KEYS */;
UNLOCK TABLES;

--
-- Table structure for table `TIPO_AVIAO`
--

DROP TABLE IF EXISTS `TIPO_AVIAO`;
/*!40101 SET @saved_cs_client     = @@character_set_client */;
/*!40101 SET character_set_client = utf8mb4 */;
CREATE TABLE `TIPO_AVIAO` (
  `NOME_TIPO` varchar(20) NOT NULL,
  `NUMERO_MAXIMO_ASSENTOS` int(11) DEFAULT NULL,
  `EMPRESA_FABRICANTE` varchar(50) DEFAULT NULL,
  PRIMARY KEY (`NOME_TIPO`)
) ENGINE=InnoDB DEFAULT CHARSET=latin1;
/*!40101 SET character_set_client = @saved_cs_client */;

--
-- Dumping data for table `TIPO_AVIAO`
--

LOCK TABLES `TIPO_AVIAO` WRITE;
/*!40000 ALTER TABLE `TIPO_AVIAO` DISABLE KEYS */;
INSERT INTO `TIPO_AVIAO` VALUES
('Airbus A320',170,'Airbus'),
('ATR 72',70,'ATR'),
('Boeing 737',180,'Boeing'),
('Boeing 777',300,'Boeing'),
('Embraer E195',124,'Embraer');
/*!40000 ALTER TABLE `TIPO_AVIAO` ENABLE KEYS */;
UNLOCK TABLES;

--
-- Table structure for table `VOO`
--

DROP TABLE IF EXISTS `VOO`;
/*!40101 SET @saved_cs_client     = @@character_set_client */;
/*!40101 SET character_set_client = utf8mb4 */;
CREATE TABLE `VOO` (
  `NUMERO_VOO` int(11) NOT NULL AUTO_INCREMENT,
  `EMPRESA` varchar(50) DEFAULT NULL,
  PRIMARY KEY (`NUMERO_VOO`)
) ENGINE=InnoDB AUTO_INCREMENT=6 DEFAULT CHARSET=latin1;
/*!40101 SET character_set_client = @saved_cs_client */;

--
-- Dumping data for table `VOO`
--

LOCK TABLES `VOO` WRITE;
/*!40000 ALTER TABLE `VOO` DISABLE KEYS */;
INSERT INTO `VOO` VALUES
(1,'GOL'),
(2,'LATAM'),
(3,'AZUL'),
(4,'GOL'),
(5,'LATAM');
/*!40000 ALTER TABLE `VOO` ENABLE KEYS */;
UNLOCK TABLES;
/*!40103 SET TIME_ZONE=@OLD_TIME_ZONE */;

/*!40101 SET SQL_MODE=@OLD_SQL_MODE */;
/*!40014 SET FOREIGN_KEY_CHECKS=@OLD_FOREIGN_KEY_CHECKS */;
/*!40014 SET UNIQUE_CHECKS=@OLD_UNIQUE_CHECKS */;
/*!40101 SET CHARACTER_SET_CLIENT=@OLD_CHARACTER_SET_CLIENT */;
/*!40101 SET CHARACTER_SET_RESULTS=@OLD_CHARACTER_SET_RESULTS */;
/*!40101 SET COLLATION_CONNECTION=@OLD_COLLATION_CONNECTION */;
/*!40111 SET SQL_NOTES=@OLD_SQL_NOTES */;

-- Dump completed on 2025-11-15 11:40:42
